الجنسية,الفئات العمرية العريضة,الفئة العمرية,المنطقة,النوع,السكان
سعودي,أطفال,0-14 سنة,الباحة,أنثى,42966
غير سعودي,أطفال,0-14 سنة,الباحة,أنثى,2911
سعودي,أطفال,0-14 سنة,الجوف,أنثى,95836
غير سعودي,أطفال,0-14 سنة,الجوف,أنثى,4216
سعودي,أطفال,0-14 سنة,الحدود الشمالية,أنثى,54165
غير سعودي,أطفال,0-14 سنة,الحدود الشمالية,أنثى,4306
سعودي,أطفال,0-14 سنة,الرياض,أنثى,723921
غير سعودي,أطفال,0-14 سنة,الرياض,أنثى,208377
سعودي,أطفال,0-14 سنة,القصيم,أنثى,157727
غير سعودي,أطفال,0-14 سنة,القصيم,أنثى,13467
سعودي,أطفال,0-14 سنة,المدينة المنورة,أنثى,241469
غير سعودي,أطفال,0-14 سنة,المدينة المنورة,أنثى,39629
سعودي,أطفال,0-14 سنة,المنطقة الشرقية,أنثى,506398
غير سعودي,أطفال,0-14 سنة,المنطقة الشرقية,أنثى,88782
سعودي,أطفال,0-14 سنة,تبوك,أنثى,118643
غير سعودي,أطفال,0-14 سنة,تبوك,أنثى,6944
سعودي,أطفال,0-14 سنة,جازان,أنثى,170570
غير سعودي,أطفال,0-14 سنة,جازان,أنثى,29546
سعودي,أطفال,0-14 سنة,حائل,أنثى,95788
غير سعودي,أطفال,0-14 سنة,حائل,أنثى,5219
سعودي,أطفال,0-14 سنة,عسير,أنثى,253850
غير سعودي,أطفال,0-14 سنة,عسير,أنثى,15615
سعودي,أطفال,0-14 سنة,مكة المكرمة,أنثى,667219
غير سعودي,أطفال,0-14 سنة,مكة المكرمة,أنثى,229711
سعودي,أطفال,0-14 سنة,نجران,أنثى,78963
غير سعودي,أطفال,0-14 سنة,نجران,أنثى,11474
سعودي,أطفال,0-14 سنة,الباحة,ذكر,44410
غير سعودي,أطفال,0-14 سنة,الباحة,ذكر,3037
سعودي,أطفال,0-14 سنة,الجوف,ذكر,98074
غير سعودي,أطفال,0-14 سنة,الجوف,ذكر,4737
سعودي,أطفال,0-14 سنة,الحدود الشمالية,ذكر,56177
غير سعودي,أطفال,0-14 سنة,الحدود الشمالية,ذكر,4904
سعودي,أطفال,0-14 سنة,الرياض,ذكر,750519
غير سعودي,أطفال,0-14 سنة,الرياض,ذكر,217495
سعودي,أطفال,0-14 سنة,القصيم,ذكر,162690
غير سعودي,أطفال,0-14 سنة,القصيم,ذكر,13594
سعودي,أطفال,0-14 سنة,المدينة المنورة,ذكر,249069
غير سعودي,أطفال,0-14 سنة,المدينة المنورة,ذكر,41371
سعودي,أطفال,0-14 سنة,المنطقة الشرقية,ذكر,525828
غير سعودي,أطفال,0-14 سنة,المنطقة الشرقية,ذكر,92120
سعودي,أطفال,0-14 سنة,تبوك,ذكر,122878
غير سعودي,أطفال,0-14 سنة,تبوك,ذكر,7104
سعودي,أطفال,0-14 سنة,جازان,ذكر,177946
غير سعودي,أطفال,0-14 سنة,جازان,ذكر,32029
سعودي,أطفال,0-14 سنة,حائل,ذكر,98535
غير سعودي,أطفال,0-14 سنة,حائل,ذكر,5491
سعودي,أطفال,0-14 سنة,عسير,ذكر,263950
غير سعودي,أطفال,0-14 سنة,عسير,ذكر,15710
سعودي,أطفال,0-14 سنة,مكة المكرمة,ذكر,691496
غير سعودي,أطفال,0-14 سنة,مكة المكرمة,ذكر,244864
سعودي,أطفال,0-14 سنة,نجران,ذكر,82551
غير سعودي,أطفال,0-14 سنة,نجران,ذكر,12599
سعودي,سن العمل,15-19 سنة,الباحة,أنثى,13311
غير سعودي,سن العمل,15-19 سنة,الباحة,أنثى,555
سعودي,سن العمل,15-19 سنة,الجوف,أنثى,22034
غير سعودي,سن العمل,15-19 سنة,الجوف,أنثى,987
سعودي,سن العمل,15-19 سنة,الحدود الشمالية,أنثى,13688
غير سعودي,سن العمل,15-19 سنة,الحدود الشمالية,أنثى,960
سعودي,سن العمل,15-19 سنة,الرياض,أنثى,213092
غير سعودي,سن العمل,15-19 سنة,الرياض,أنثى,41796
سعودي,سن العمل,15-19 سنة,القصيم,أنثى,47985
غير سعودي,سن العمل,15-19 سنة,القصيم,أنثى,2857
سعودي,سن العمل,15-19 سنة,المدينة المنورة,أنثى,68061
غير سعودي,سن العمل,15-19 سنة,المدينة المنورة,أنثى,10191
سعودي,سن العمل,15-19 سنة,المنطقة الشرقية,أنثى,132773
غير سعودي,سن العمل,15-19 سنة,المنطقة الشرقية,أنثى,17204
سعودي,سن العمل,15-19 سنة,تبوك,أنثى,32825
غير سعودي,سن العمل,15-19 سنة,تبوك,أنثى,1688
سعودي,سن العمل,15-19 سنة,جازان,أنثى,51581
غير سعودي,سن العمل,15-19 سنة,جازان,أنثى,7894
سعودي,سن العمل,15-19 سنة,حائل,أنثى,26285
غير سعودي,سن العمل,15-19 سنة,حائل,أنثى,1164
سعودي,سن العمل,15-19 سنة,عسير,أنثى,76482
غير سعودي,سن العمل,15-19 سنة,عسير,أنثى,3607
سعودي,سن العمل,15-19 سنة,مكة المكرمة,أنثى,198778
غير سعودي,سن العمل,15-19 سنة,مكة المكرمة,أنثى,71604
سعودي,سن العمل,15-19 سنة,نجران,أنثى,19544
غير سعودي,سن العمل,15-19 سنة,نجران,أنثى,2938
سعودي,سن العمل,15-19 سنة,الباحة,ذكر,13524
غير سعودي,سن العمل,15-19 سنة,الباحة,ذكر,691
سعودي,سن العمل,15-19 سنة,الجوف,ذكر,22452
غير سعودي,سن العمل,15-19 سنة,الجوف,ذكر,1075
سعودي,سن العمل,15-19 سنة,الحدود الشمالية,ذكر,13721
غير سعودي,سن العمل,15-19 سنة,الحدود الشمالية,ذكر,1053
سعودي,سن العمل,15-19 سنة,الرياض,ذكر,217502
غير سعودي,سن العمل,15-19 سنة,الرياض,ذكر,46351
سعودي,سن العمل,15-19 سنة,القصيم,ذكر,49593
غير سعودي,سن العمل,15-19 سنة,القصيم,ذكر,3016
سعودي,سن العمل,15-19 سنة,المدينة المنورة,ذكر,69893
غير سعودي,سن العمل,15-19 سنة,المدينة المنورة,ذكر,11508
سعودي,سن العمل,15-19 سنة,المنطقة الشرقية,ذكر,138086
غير سعودي,سن العمل,15-19 سنة,المنطقة الشرقية,ذكر,17917
سعودي,سن العمل,15-19 سنة,تبوك,ذكر,33752
غير سعودي,سن العمل,15-19 سنة,تبوك,ذكر,1952
سعودي,سن العمل,15-19 سنة,جازان,ذكر,54619
غير سعودي,سن العمل,15-19 سنة,جازان,ذكر,8591
سعودي,سن العمل,15-19 سنة,حائل,ذكر,26848
غير سعودي,سن العمل,15-19 سنة,حائل,ذكر,1334
سعودي,سن العمل,15-19 سنة,عسير,ذكر,79244
غير سعودي,سن العمل,15-19 سنة,عسير,ذكر,4092
سعودي,سن العمل,15-19 سنة,مكة المكرمة,ذكر,202433
غير سعودي,سن العمل,15-19 سنة,مكة المكرمة,ذكر,74213
سعودي,سن العمل,15-19 سنة,نجران,ذكر,20139
غير سعودي,سن العمل,15-19 سنة,نجران,ذكر,3217
سعودي,سن العمل,20-24 سنة,الباحة,أنثى,10796
غير سعودي,سن العمل,20-24 سنة,الباحة,أنثى,824
سعودي,سن العمل,20-24 سنة,الجوف,أنثى,18984
غير سعودي,سن العمل,20-24 سنة,الجوف,أنثى,1984
سعودي,سن العمل,20-24 سنة,الحدود الشمالية,أنثى,11936
غير سعودي,سن العمل,20-24 سنة,الحدود الشمالية,أنثى,1629
سعودي,سن العمل,20-24 سنة,الرياض,أنثى,204669
غير سعودي,سن العمل,20-24 سنة,الرياض,أنثى,59829
سعودي,سن العمل,20-24 سنة,القصيم,أنثى,44336
غير سعودي,سن العمل,20-24 سنة,القصيم,أنثى,4261
سعودي,سن العمل,20-24 سنة,المدينة المنورة,أنثى,61716
غير سعودي,سن العمل,20-24 سنة,المدينة المنورة,أنثى,11722
سعودي,سن العمل,20-24 سنة,المنطقة الشرقية,أنثى,126682
غير سعودي,سن العمل,20-24 سنة,المنطقة الشرقية,أنثى,20163
سعودي,سن العمل,20-24 سنة,تبوك,أنثى,29568
غير سعودي,سن العمل,20-24 سنة,تبوك,أنثى,2506
سعودي,سن العمل,20-24 سنة,جازان,أنثى,45460
غير سعودي,سن العمل,20-24 سنة,جازان,أنثى,7313
سعودي,سن العمل,20-24 سنة,حائل,أنثى,24001
غير سعودي,سن العمل,20-24 سنة,حائل,أنثى,2742
سعودي,سن العمل,20-24 سنة,عسير,أنثى,64520
غير سعودي,سن العمل,20-24 سنة,عسير,أنثى,6069
سعودي,سن العمل,20-24 سنة,مكة المكرمة,أنثى,190854
غير سعودي,سن العمل,20-24 سنة,مكة المكرمة,أنثى,77351
سعودي,سن العمل,20-24 سنة,نجران,أنثى,17258
غير سعودي,سن العمل,20-24 سنة,نجران,أنثى,3374
سعودي,سن العمل,20-24 سنة,الباحة,ذكر,10926
غير سعودي,سن العمل,20-24 سنة,الباحة,ذكر,4291
سعودي,سن العمل,20-24 سنة,الجوف,ذكر,19467
غير سعودي,سن العمل,20-24 سنة,الجوف,ذكر,7466
سعودي,سن العمل,20-24 سنة,الحدود الشمالية,ذكر,12344
غير سعودي,سن العمل,20-24 سنة,الحدود الشمالية,ذكر,5130
سعودي,سن العمل,20-24 سنة,الرياض,ذكر,208440
غير سعودي,سن العمل,20-24 سنة,الرياض,ذكر,235002
سعودي,سن العمل,20-24 سنة,القصيم,ذكر,45388
غير سعودي,سن العمل,20-24 سنة,القصيم,ذكر,27829
سعودي,سن العمل,20-24 سنة,المدينة المنورة,ذكر,62466
غير سعودي,سن العمل,20-24 سنة,المدينة المنورة,ذكر,41504
سعودي,سن العمل,20-24 سنة,المنطقة الشرقية,ذكر,133002
غير سعودي,سن العمل,20-24 سنة,المنطقة الشرقية,ذكر,104505
سعودي,سن العمل,20-24 سنة,تبوك,ذكر,30360
غير سعودي,سن العمل,20-24 سنة,تبوك,ذكر,13117
سعودي,سن العمل,20-24 سنة,جازان,ذكر,47535
غير سعودي,سن العمل,20-24 سنة,جازان,ذكر,22024
سعودي,سن العمل,20-24 سنة,حائل,ذكر,24354
غير سعودي,سن العمل,20-24 سنة,حائل,ذكر,11092
سعودي,سن العمل,20-24 سنة,عسير,ذكر,65388
غير سعودي,سن العمل,20-24 سنة,عسير,ذكر,31902
سعودي,سن العمل,20-24 سنة,مكة المكرمة,ذكر,192615
غير سعودي,سن العمل,20-24 سنة,مكة المكرمة,ذكر,180898
سعودي,سن العمل,20-24 سنة,نجران,ذكر,16427
غير سعودي,سن العمل,20-24 سنة,نجران,ذكر,11963
سعودي,سن العمل,25-54 سنة,الباحة,أنثى,46512
غير سعودي,سن العمل,25-54 سنة,الباحة,أنثى,11319
سعودي,سن العمل,25-54 سنة,الجوف,أنثى,69189
غير سعودي,سن العمل,25-54 سنة,الجوف,أنثى,21709
سعودي,سن العمل,25-54 سنة,الحدود الشمالية,أنثى,46000
غير سعودي,سن العمل,25-54 سنة,الحدود الشمالية,أنثى,16051
سعودي,سن العمل,25-54 سنة,الرياض,أنثى,871070
غير سعودي,سن العمل,25-54 سنة,الرياض,أنثى,653867
سعودي,سن العمل,25-54 سنة,القصيم,أنثى,174094
غير سعودي,سن العمل,25-54 سنة,القصيم,أنثى,54600
سعودي,سن العمل,25-54 سنة,المدينة المنورة,أنثى,247560
غير سعودي,سن العمل,25-54 سنة,المدينة المنورة,أنثى,106809
سعودي,سن العمل,25-54 سنة,المنطقة الشرقية,أنثى,563299
غير سعودي,سن العمل,25-54 سنة,المنطقة الشرقية,أنثى,267122
سعودي,سن العمل,25-54 سنة,تبوك,أنثى,114369
غير سعودي,سن العمل,25-54 سنة,تبوك,أنثى,29301
سعودي,سن العمل,25-54 سنة,جازان,أنثى,189145
غير سعودي,سن العمل,25-54 سنة,جازان,أنثى,49297
سعودي,سن العمل,25-54 سنة,حائل,أنثى,95338
غير سعودي,سن العمل,25-54 سنة,حائل,أنثى,29276
سعودي,سن العمل,25-54 سنة,عسير,أنثى,267592
غير سعودي,سن العمل,25-54 سنة,عسير,أنثى,65410
سعودي,سن العمل,25-54 سنة,مكة المكرمة,أنثى,814773
غير سعودي,سن العمل,25-54 سنة,مكة المكرمة,أنثى,604633
سعودي,سن العمل,25-54 سنة,نجران,أنثى,68126
غير سعودي,سن العمل,25-54 سنة,نجران,أنثى,25200
سعودي,سن العمل,25-54 سنة,الباحة,ذكر,42084
غير سعودي,سن العمل,25-54 سنة,الباحة,ذكر,58109
سعودي,سن العمل,25-54 سنة,الجوف,ذكر,68403
غير سعودي,سن العمل,25-54 سنة,الجوف,ذكر,103680
سعودي,سن العمل,25-54 سنة,الحدود الشمالية,ذكر,46189
غير سعودي,سن العمل,25-54 سنة,الحدود الشمالية,ذكر,62683
سعودي,سن العمل,25-54 سنة,الرياض,ذكر,886759
غير سعودي,سن العمل,25-54 سنة,الرياض,ذكر,2426820
سعودي,سن العمل,25-54 سنة,القصيم,ذكر,164114
غير سعودي,سن العمل,25-54 سنة,القصيم,ذكر,269342
سعودي,سن العمل,25-54 سنة,المدينة المنورة,ذكر,238445
غير سعودي,سن العمل,25-54 سنة,المدينة المنورة,ذكر,468393
سعودي,سن العمل,25-54 سنة,المنطقة الشرقية,ذكر,592158
غير سعودي,سن العمل,25-54 سنة,المنطقة الشرقية,ذكر,1439636
سعودي,سن العمل,25-54 سنة,تبوك,ذكر,116040
غير سعودي,سن العمل,25-54 سنة,تبوك,ذكر,168984
سعودي,سن العمل,25-54 سنة,جازان,ذكر,177729
غير سعودي,سن العمل,25-54 سنة,جازان,ذكر,217269
سعودي,سن العمل,25-54 سنة,حائل,ذكر,93941
غير سعودي,سن العمل,25-54 سنة,حائل,ذكر,148242
سعودي,سن العمل,25-54 سنة,عسير,ذكر,246475
غير سعودي,سن العمل,25-54 سنة,عسير,ذكر,400387
سعودي,سن العمل,25-54 سنة,مكة المكرمة,ذكر,797254
غير سعودي,سن العمل,25-54 سنة,مكة المكرمة,ذكر,2054113
سعودي,سن العمل,25-54 سنة,نجران,ذكر,66712
غير سعودي,سن العمل,25-54 سنة,نجران,ذكر,115310
سعودي,سن العمل,55-64 سنة,الباحة,أنثى,7259
غير سعودي,سن العمل,55-64 سنة,الباحة,أنثى,672
سعودي,سن العمل,55-64 سنة,الجوف,أنثى,8042
غير سعودي,سن العمل,55-64 سنة,الجوف,أنثى,1026
سعودي,سن العمل,55-64 سنة,الحدود الشمالية,أنثى,5108
غير سعودي,سن العمل,55-64 سنة,الحدود الشمالية,أنثى,722
سعودي,سن العمل,55-64 سنة,الرياض,أنثى,116896
غير سعودي,سن العمل,55-64 سنة,الرياض,أنثى,35391
سعودي,سن العمل,55-64 سنة,القصيم,أنثى,24897
غير سعودي,سن العمل,55-64 سنة,القصيم,أنثى,2479
سعودي,سن العمل,55-64 سنة,المدينة المنورة,أنثى,33729
غير سعودي,سن العمل,55-64 سنة,المدينة المنورة,أنثى,7881
سعودي,سن العمل,55-64 سنة,المنطقة الشرقية,أنثى,73642
غير سعودي,سن العمل,55-64 سنة,المنطقة الشرقية,أنثى,13241
سعودي,سن العمل,55-64 سنة,تبوك,أنثى,11693
غير سعودي,سن العمل,55-64 سنة,تبوك,أنثى,1459
سعودي,سن العمل,55-64 سنة,جازان,أنثى,24502
غير سعودي,سن العمل,55-64 سنة,جازان,أنثى,3619
سعودي,سن العمل,55-64 سنة,حائل,أنثى,12124
غير سعودي,سن العمل,55-64 سنة,حائل,أنثى,1329
سعودي,سن العمل,55-64 سنة,عسير,أنثى,34762
غير سعودي,سن العمل,55-64 سنة,عسير,أنثى,3123
سعودي,سن العمل,55-64 سنة,مكة المكرمة,أنثى,121166
غير سعودي,سن العمل,55-64 سنة,مكة المكرمة,أنثى,51359
سعودي,سن العمل,55-64 سنة,نجران,أنثى,6918
غير سعودي,سن العمل,55-64 سنة,نجران,أنثى,1288
سعودي,سن العمل,55-64 سنة,الباحة,ذكر,5803
غير سعودي,سن العمل,55-64 سنة,الباحة,ذكر,4631
سعودي,سن العمل,55-64 سنة,الجوف,ذكر,6788
غير سعودي,سن العمل,55-64 سنة,الجوف,ذكر,7268
سعودي,سن العمل,55-64 سنة,الحدود الشمالية,ذكر,4146
غير سعودي,سن العمل,55-64 سنة,الحدود الشمالية,ذكر,3836
سعودي,سن العمل,55-64 سنة,الرياض,ذكر,107384
غير سعودي,سن العمل,55-64 سنة,الرياض,ذكر,175438
سعودي,سن العمل,55-64 سنة,القصيم,ذكر,22865
غير سعودي,سن العمل,55-64 سنة,القصيم,ذكر,15008
سعودي,سن العمل,55-64 سنة,المدينة المنورة,ذكر,30366
غير سعودي,سن العمل,55-64 سنة,المدينة المنورة,ذكر,33871
سعودي,سن العمل,55-64 سنة,المنطقة الشرقية,ذكر,72254
غير سعودي,سن العمل,55-64 سنة,المنطقة الشرقية,ذكر,93119
سعودي,سن العمل,55-64 سنة,تبوك,ذكر,10679
غير سعودي,سن العمل,55-64 سنة,تبوك,ذكر,12566
سعودي,سن العمل,55-64 سنة,جازان,ذكر,20952
غير سعودي,سن العمل,55-64 سنة,جازان,ذكر,16336
سعودي,سن العمل,55-64 سنة,حائل,ذكر,10765
غير سعودي,سن العمل,55-64 سنة,حائل,ذكر,10292
سعودي,سن العمل,55-64 سنة,عسير,ذكر,29729
غير سعودي,سن العمل,55-64 سنة,عسير,ذكر,27866
سعودي,سن العمل,55-64 سنة,مكة المكرمة,ذكر,111084
غير سعودي,سن العمل,55-64 سنة,مكة المكرمة,ذكر,192068
سعودي,سن العمل,55-64 سنة,نجران,ذكر,6093
غير سعودي,سن العمل,55-64 سنة,نجران,ذكر,7337
سعودي,كبار السن,65-69 سنة,الباحة,أنثى,2194
غير سعودي,كبار السن,65-69 سنة,الباحة,أنثى,105
سعودي,كبار السن,65-69 سنة,الجوف,أنثى,2147
غير سعودي,كبار السن,65-69 سنة,الجوف,أنثى,152
سعودي,كبار السن,65-69 سنة,الحدود الشمالية,أنثى,1468
غير سعودي,كبار السن,65-69 سنة,الحدود الشمالية,أنثى,106
سعودي,كبار السن,65-69 سنة,الرياض,أنثى,29134
غير سعودي,كبار السن,65-69 سنة,الرياض,أنثى,6626
سعودي,كبار السن,65-69 سنة,القصيم,أنثى,6604
غير سعودي,كبار السن,65-69 سنة,القصيم,أنثى,347
سعودي,كبار السن,65-69 سنة,المدينة المنورة,أنثى,9822
غير سعودي,كبار السن,65-69 سنة,المدينة المنورة,أنثى,1870
سعودي,كبار السن,65-69 سنة,المنطقة الشرقية,أنثى,18502
غير سعودي,كبار السن,65-69 سنة,المنطقة الشرقية,أنثى,2011
سعودي,كبار السن,65-69 سنة,تبوك,أنثى,3061
غير سعودي,كبار السن,65-69 سنة,تبوك,أنثى,251
سعودي,كبار السن,65-69 سنة,جازان,أنثى,8040
غير سعودي,كبار السن,65-69 سنة,جازان,أنثى,1028
سعودي,كبار السن,65-69 سنة,حائل,أنثى,3188
غير سعودي,كبار السن,65-69 سنة,حائل,أنثى,209
سعودي,كبار السن,65-69 سنة,عسير,أنثى,9906
غير سعودي,كبار السن,65-69 سنة,عسير,أنثى,545
سعودي,كبار السن,65-69 سنة,مكة المكرمة,أنثى,33763
غير سعودي,كبار السن,65-69 سنة,مكة المكرمة,أنثى,12642
سعودي,كبار السن,65-69 سنة,نجران,أنثى,2102
غير سعودي,كبار السن,65-69 سنة,نجران,أنثى,292
سعودي,كبار السن,65-69 سنة,الباحة,ذكر,1767
غير سعودي,كبار السن,65-69 سنة,الباحة,ذكر,412
سعودي,كبار السن,65-69 سنة,الجوف,ذكر,2066
غير سعودي,كبار السن,65-69 سنة,الجوف,ذكر,750
سعودي,كبار السن,65-69 سنة,الحدود الشمالية,ذكر,1440
غير سعودي,كبار السن,65-69 سنة,الحدود الشمالية,ذكر,417
سعودي,كبار السن,65-69 سنة,الرياض,ذكر,29781
غير سعودي,كبار السن,65-69 سنة,الرياض,ذكر,24446
سعودي,كبار السن,65-69 سنة,القصيم,ذكر,6524
غير سعودي,كبار السن,65-69 سنة,القصيم,ذكر,1554
سعودي,كبار السن,65-69 سنة,المدينة المنورة,ذكر,8851
غير سعودي,كبار السن,65-69 سنة,المدينة المنورة,ذكر,5113
سعودي,كبار السن,65-69 سنة,المنطقة الشرقية,ذكر,19251
غير سعودي,كبار السن,65-69 سنة,المنطقة الشرقية,ذكر,10403
سعودي,كبار السن,65-69 سنة,تبوك,ذكر,3111
غير سعودي,كبار السن,65-69 سنة,تبوك,ذكر,1435
سعودي,كبار السن,65-69 سنة,جازان,ذكر,7336
غير سعودي,كبار السن,65-69 سنة,جازان,ذكر,2507
سعودي,كبار السن,65-69 سنة,حائل,ذكر,3631
غير سعودي,كبار السن,65-69 سنة,حائل,ذكر,1207
سعودي,كبار السن,65-69 سنة,عسير,ذكر,10055
غير سعودي,كبار السن,65-69 سنة,عسير,ذكر,3056
سعودي,كبار السن,65-69 سنة,مكة المكرمة,ذكر,31575
غير سعودي,كبار السن,65-69 سنة,مكة المكرمة,ذكر,32925
سعودي,كبار السن,65-69 سنة,نجران,ذكر,1817
غير سعودي,كبار السن,65-69 سنة,نجران,ذكر,914
سعودي,كبار السن,70-74 سنة,الباحة,أنثى,1683
غير سعودي,كبار السن,70-74 سنة,الباحة,أنثى,50
سعودي,كبار السن,70-74 سنة,الجوف,أنثى,1351
غير سعودي,كبار السن,70-74 سنة,الجوف,أنثى,64
سعودي,كبار السن,70-74 سنة,الحدود الشمالية,أنثى,1073
غير سعودي,كبار السن,70-74 سنة,الحدود الشمالية,أنثى,80
سعودي,كبار السن,70-74 سنة,الرياض,أنثى,15931
غير سعودي,كبار السن,70-74 سنة,الرياض,أنثى,3157
سعودي,كبار السن,70-74 سنة,القصيم,أنثى,3911
غير سعودي,كبار السن,70-74 سنة,القصيم,أنثى,190
سعودي,كبار السن,70-74 سنة,المدينة المنورة,أنثى,6243
غير سعودي,كبار السن,70-74 سنة,المدينة المنورة,أنثى,1142
سعودي,كبار السن,70-74 سنة,المنطقة الشرقية,أنثى,10239
غير سعودي,كبار السن,70-74 سنة,المنطقة الشرقية,أنثى,1038
سعودي,كبار السن,70-74 سنة,تبوك,أنثى,2214
غير سعودي,كبار السن,70-74 سنة,تبوك,أنثى,141
سعودي,كبار السن,70-74 سنة,جازان,أنثى,5445
غير سعودي,كبار السن,70-74 سنة,جازان,أنثى,827
سعودي,كبار السن,70-74 سنة,حائل,أنثى,2163
غير سعودي,كبار السن,70-74 سنة,حائل,أنثى,107
سعودي,كبار السن,70-74 سنة,عسير,أنثى,7488
غير سعودي,كبار السن,70-74 سنة,عسير,أنثى,313
سعودي,كبار السن,70-74 سنة,مكة المكرمة,أنثى,20750
غير سعودي,كبار السن,70-74 سنة,مكة المكرمة,أنثى,7401
سعودي,كبار السن,70-74 سنة,نجران,أنثى,1620
غير سعودي,كبار السن,70-74 سنة,نجران,أنثى,243
سعودي,كبار السن,70-74 سنة,الباحة,ذكر,1497
غير سعودي,كبار السن,70-74 سنة,الباحة,ذكر,101
سعودي,كبار السن,70-74 سنة,الجوف,ذكر,1271
غير سعودي,كبار السن,70-74 سنة,الجوف,ذكر,207
سعودي,كبار السن,70-74 سنة,الحدود الشمالية,ذكر,904
غير سعودي,كبار السن,70-74 سنة,الحدود الشمالية,ذكر,135
سعودي,كبار السن,70-74 سنة,الرياض,ذكر,16081
غير سعودي,كبار السن,70-74 سنة,الرياض,ذكر,9038
سعودي,كبار السن,70-74 سنة,القصيم,ذكر,3686
غير سعودي,كبار السن,70-74 سنة,القصيم,ذكر,512
سعودي,كبار السن,70-74 سنة,المدينة المنورة,ذكر,5183
غير سعودي,كبار السن,70-74 سنة,المدينة المنورة,ذكر,2098
سعودي,كبار السن,70-74 سنة,المنطقة الشرقية,ذكر,10663
غير سعودي,كبار السن,70-74 سنة,المنطقة الشرقية,ذكر,3757
سعودي,كبار السن,70-74 سنة,تبوك,ذكر,1930
غير سعودي,كبار السن,70-74 سنة,تبوك,ذكر,539
سعودي,كبار السن,70-74 سنة,جازان,ذكر,4299
غير سعودي,كبار السن,70-74 سنة,جازان,ذكر,1499
سعودي,كبار السن,70-74 سنة,حائل,ذكر,2056
غير سعودي,كبار السن,70-74 سنة,حائل,ذكر,387
سعودي,كبار السن,70-74 سنة,عسير,ذكر,7720
غير سعودي,كبار السن,70-74 سنة,عسير,ذكر,933
سعودي,كبار السن,70-74 سنة,مكة المكرمة,ذكر,18897
غير سعودي,كبار السن,70-74 سنة,مكة المكرمة,ذكر,15338
سعودي,كبار السن,70-74 سنة,نجران,ذكر,1278
غير سعودي,كبار السن,70-74 سنة,نجران,ذكر,470
سعودي,كبار السن,75+ سنة,الباحة,أنثى,3684
غير سعودي,كبار السن,75+ سنة,الباحة,أنثى,75
سعودي,كبار السن,75+ سنة,الجوف,أنثى,2322
غير سعودي,كبار السن,75+ سنة,الجوف,أنثى,92
سعودي,كبار السن,75+ سنة,الحدود الشمالية,أنثى,1653
غير سعودي,كبار السن,75+ سنة,الحدود الشمالية,أنثى,100
سعودي,كبار السن,75+ سنة,الرياض,أنثى,22452
غير سعودي,كبار السن,75+ سنة,الرياض,أنثى,3200
سعودي,كبار السن,75+ سنة,القصيم,أنثى,5904
غير سعودي,كبار السن,75+ سنة,القصيم,أنثى,293
سعودي,كبار السن,75+ سنة,المدينة المنورة,أنثى,10797
غير سعودي,كبار السن,75+ سنة,المدينة المنورة,أنثى,1225
سعودي,كبار السن,75+ سنة,المنطقة الشرقية,أنثى,13261
غير سعودي,كبار السن,75+ سنة,المنطقة الشرقية,أنثى,1019
سعودي,كبار السن,75+ سنة,تبوك,أنثى,3524
غير سعودي,كبار السن,75+ سنة,تبوك,أنثى,168
سعودي,كبار السن,75+ سنة,جازان,أنثى,9143
غير سعودي,كبار السن,75+ سنة,جازان,أنثى,1008
سعودي,كبار السن,75+ سنة,حائل,أنثى,3891
غير سعودي,كبار السن,75+ سنة,حائل,أنثى,176
سعودي,كبار السن,75+ سنة,عسير,أنثى,13600
غير سعودي,كبار السن,75+ سنة,عسير,أنثى,372
سعودي,كبار السن,75+ سنة,مكة المكرمة,أنثى,32542
غير سعودي,كبار السن,75+ سنة,مكة المكرمة,أنثى,7991
سعودي,كبار السن,75+ سنة,نجران,أنثى,2777
غير سعودي,كبار السن,75+ سنة,نجران,أنثى,250
سعودي,كبار السن,75+ سنة,الباحة,ذكر,2872
غير سعودي,كبار السن,75+ سنة,الباحة,ذكر,103
سعودي,كبار السن,75+ سنة,الجوف,ذكر,1838
غير سعودي,كبار السن,75+ سنة,الجوف,ذكر,145
سعودي,كبار السن,75+ سنة,الحدود الشمالية,ذكر,1346
غير سعودي,كبار السن,75+ سنة,الحدود الشمالية,ذكر,107
سعودي,كبار السن,75+ سنة,الرياض,ذكر,25579
غير سعودي,كبار السن,75+ سنة,الرياض,ذكر,5705
سعودي,كبار السن,75+ سنة,القصيم,ذكر,6172
غير سعودي,كبار السن,75+ سنة,القصيم,ذكر,340
سعودي,كبار السن,75+ سنة,المدينة المنورة,ذكر,8476
غير سعودي,كبار السن,75+ سنة,المدينة المنورة,ذكر,1510
سعودي,كبار السن,75+ سنة,المنطقة الشرقية,ذكر,13816
غير سعودي,كبار السن,75+ سنة,المنطقة الشرقية,ذكر,3363
سعودي,كبار السن,75+ سنة,تبوك,ذكر,2954
غير سعودي,كبار السن,75+ سنة,تبوك,ذكر,280
سعودي,كبار السن,75+ سنة,جازان,ذكر,8477
غير سعودي,كبار السن,75+ سنة,جازان,ذكر,1431
سعودي,كبار السن,75+ سنة,حائل,ذكر,4977
غير سعودي,كبار السن,75+ سنة,حائل,ذكر,254
سعودي,كبار السن,75+ سنة,عسير,ذكر,13927
غير سعودي,كبار السن,75+ سنة,عسير,ذكر,597
سعودي,كبار السن,75+ سنة,مكة المكرمة,ذكر,28524
غير سعودي,كبار السن,75+ سنة,مكة المكرمة,ذكر,10629
سعودي,كبار السن,75+ سنة,نجران,ذكر,2651
غير سعودي,كبار السن,75+ سنة,نجران,ذكر,455
